filepath,events
./data/tut/TUT-sound-events-2017-development/TUT-sound-events-2017-development.audio.2/TUT-sound-events-2017-development/audio/street/a131.wav,"[('people walking', 0.0, 25.786823), ('people speaking', 9.997565, 16.498445), ('children', 15.966555, 17.562225), ('people speaking', 17.906969, 21.915845), ('people walking', 26.308863, 29.7169), ('children', 29.382006, 29.894197), ('children', 30.662483, 34.297065), ('people walking', 31.489867, 40.571399), ('people speaking', 38.236993, 44.32418), ('large vehicle', 44.205982, 51.780492), ('car', 62.339497, 66.663567), ('people walking', 79.281183, 81.349645), ('people walking', 84.038645, 94.361254), ('car', 87.387583, 92.499639), ('people speaking', 91.780602, 94.361254), ('people speaking', 98.626225, 102.388856), ('brakes squeaking', 98.980819, 99.680156), ('people walking', 101.699368, 107.983552), ('car', 108.269197, 128.008232), ('brakes squeaking', 124.245601, 125.811722), ('brakes squeaking', 126.057968, 127.880184), ('brakes squeaking', 129.259159, 130.569184), ('people speaking', 130.293389, 131.761012), ('people walking', 131.534466, 135.1001), ('people speaking', 134.331815, 139.030178), ('people walking', 136.76472, 140.320504), ('people walking', 138.724833, 143.2262), ('car', 140.468251, 145.511358), ('people speaking', 146.348592, 147.698017), ('people walking', 148.269307, 172.42106), ('children', 161.931004, 163.21148), ('people speaking', 165.447389, 168.865276), ('people speaking', 170.076803, 188.249717), ('children', 172.42106, 174.312225), ('people walking', 179.847823, 204.038975), ('people speaking', 193.637567, 197.547945), ('people walking', 204.393568, 209.022983), ('people speaking', 208.126649, 208.678239), ('people speaking', 209.673071, 212.96291), ('children', 213.4751, 215.68146), ('children', 216.341397, 226.289713), ('people walking', 219.897182, 231.490417), ('brakes squeaking', 231.057025, 231.569216), ('people speaking', 232.179904, 234.366564), ('people speaking', 240.187806, 240.808345)]"
./data/tut/TUT-sound-events-2017-development/TUT-sound-events-2017-development.audio.2/TUT-sound-events-2017-development/audio/street/b007.wav,"[('people walking', 0.079906, 0.461679), ('people walking', 1.704661, 2.255124), ('children', 2.921007, 10.059274), ('car', 5.060712, 23.01292), ('children', 13.894761, 36.51703), ('people walking', 14.542887, 31.846969), ('car', 21.254989, 30.515203), ('car', 28.490919, 44.028191), ('children', 39.25159, 46.549668), ('children', 47.597324, 49.239836), ('people walking', 49.470676, 51.645894), ('people speaking', 53.927653, 54.682321), ('children', 53.927653, 59.006122), ('car', 63.365436, 67.520547), ('people walking', 88.083017, 89.592352), ('people walking', 92.335791, 96.996973), ('car', 97.494165, 102.519363), ('people walking', 104.854393, 109.266979), ('car', 112.063688, 117.017858), ('people walking', 118.198691, 118.527193), ('people walking', 124.422478, 126.961712), ('car', 131.063552, 143.528884), ('car', 140.492457, 160.025028), ('people walking', 151.821348, 152.283027), ('people walking', 160.406801, 160.841845), ('people walking', 166.941334, 167.376378), ('car', 167.909084, 199.001386), ('people walking', 174.132872, 174.514645), ('people walking', 182.301038, 182.718325), ('car', 202.304166, 217.060136)]"
./data/tut/TUT-sound-events-2017-development/TUT-sound-events-2017-development.audio.1/TUT-sound-events-2017-development/audio/street/a003.wav,"[('car', 74.929903, 80.2038), ('car', 80.2038, 103.246672), ('car', 145.518983, 151.157996), ('car', 152.33448, 157.52724), ('people speaking', 211.320987, 216.148631), ('car', 222.071623, 227.994615), ('car', 232.943964, 237.73104)]"
./data/tut/TUT-sound-events-2017-development/TUT-sound-events-2017-development.audio.2/TUT-sound-events-2017-development/audio/street/a128.wav,"[('large vehicle', 0.0, 4.359811), ('people speaking', 2.258816, 9.508729), ('large vehicle', 4.320356, 15.939944), ('people speaking', 11.116533, 32.264578), ('large vehicle', 15.348115, 25.093576), ('brakes squeaking', 20.043296, 20.526624), ('people walking', 22.065381, 29.739438), ('large vehicle', 25.073848, 36.141062), ('people speaking', 34.493803, 50.009602), ('people walking', 36.249564, 49.516411), ('brakes squeaking', 38.607018, 39.228439), ('large vehicle', 41.773307, 59.666289), ('brakes squeaking', 46.310667, 47.267458), ('people walking', 50.216743, 86.150664), ('people speaking', 56.707141, 62.477479), ('brakes squeaking', 57.782298, 58.245898), ('brakes squeaking', 63.158083, 67.133206), ('people speaking', 63.35536, 88.034655), ('brakes squeaking', 69.066516, 69.609026), ('large vehicle', 70.437588, 77.085807), ('brakes squeaking', 75.369501, 76.533433), ('large vehicle', 82.195269, 92.364875), ('people walking', 87.94588, 109.301065), ('people speaking', 91.131896, 94.663146), ('brakes squeaking', 94.515189, 95.925716), ('car', 95.185929, 98.825681), ('brakes squeaking', 96.73455, 98.342354), ('people speaking', 96.823324, 102.692301), ('brakes squeaking', 99.516149, 103.086854), ('car', 103.313722, 110.849686), ('brakes squeaking', 109.172836, 109.656163), ('people speaking', 109.902759, 113.138094), ('people walking', 110.889142, 114.380936), ('car', 112.270077, 118.030552), ('brakes squeaking', 115.120723, 119.894815), ('people speaking', 117.399267, 134.513007), ('people walking', 121.344798, 124.451903), ('people walking', 125.527061, 130.528021), ('brakes squeaking', 126.967179, 128.900489), ('brakes squeaking', 130.616795, 131.208625), ('people walking', 131.129714, 163.009603), ('car', 131.760999, 146.09314), ('people speaking', 139.740835, 143.341132), ('people speaking', 145.29417, 163.512658), ('brakes squeaking', 148.450594, 150.798185), ('large vehicle', 159.261348, 171.048622), ('brakes squeaking', 163.74939, 164.114351), ('brakes squeaking', 165.830657, 166.461942), ('people walking', 167.556827, 168.267022), ('people speaking', 167.793559, 169.598639), ('people walking', 170.003056, 173.011523), ('people speaking', 175.280203, 196.398657), ('people walking', 175.802986, 177.87439), ('large vehicle', 177.351607, 195.057176), ('people walking', 179.304645, 187.284481), ('people speaking', 194.81058, 205.53256), ('people walking', 194.948674, 201.320706), ('people walking', 202.168995, 241.150839), ('people speaking', 207.584236, 224.510563), ('brakes squeaking', 217.990574, 218.671178), ('brakes squeaking', 224.125874, 224.628929), ('people speaking', 228.465958, 233.496509), ('brakes squeaking', 238.684882, 241.150839), ('people speaking', 239.898133, 241.150839)]"
./data/tut/TUT-sound-events-2017-development/TUT-sound-events-2017-development.audio.1/TUT-sound-events-2017-development/audio/street/b009.wav,"[('car', 2.509522, 17.005812), ('car', 14.74344, 42.005971), ('car', 34.933682, 48.992707), ('car', 45.817782, 56.99656), ('car', 52.985128, 66.987118), ('car', 64.144895, 74.030889), ('car', 71.854069, 84.030953), ('car', 95.418858, 109.487389), ('car', 106.958856, 115.019743), ('car', 112.595774, 120.998869), ('large vehicle', 118.14714, 143.508518), ('large vehicle', 139.402028, 153.993375), ('people walking', 149.535172, 150.99906), ('large vehicle', 152.919224, 164.021956), ('car', 175.447885, 195.999346), ('car', 191.854833, 203.518405), ('car', 204.297878, 224.98242), ('people walking', 221.807495, 227.368367), ('people walking', 229.488152, 232.396916)]"
./data/tut/TUT-sound-events-2017-development/TUT-sound-events-2017-development.audio.1/TUT-sound-events-2017-development/audio/street/a124.wav,"[('people speaking', 0.0, 4.037666), ('large vehicle', 0.0, 21.850174), ('people walking', 1.772634, 4.222315), ('car', 6.684307, 15.732125), ('large vehicle', 21.850174, 31.55042), ('people walking', 28.202112, 32.227468), ('car', 44.118886, 53.314424), ('people walking', 44.402015, 46.162339), ('car', 50.039976, 62.066804), ('large vehicle', 74.278281, 92.583188), ('people walking', 74.703882, 78.445914), ('people walking', 93.395645, 98.578137), ('car', 96.214625, 109.05391), ('car', 109.12777, 116.218305), ('car', 116.304475, 121.880886), ('large vehicle', 121.733166, 127.949695), ('brakes squeaking', 130.251657, 132.787508), ('large vehicle', 131.408792, 187.480647), ('car', 159.167746, 169.50811), ('people walking', 166.824539, 169.865099), ('car', 184.932486, 188.219245), ('large vehicle', 187.480647, 194.214194), ('car', 193.204777, 197.414783), ('car', 204.505318, 219.277267), ('people speaking', 209.958629, 212.54372), ('car', 217.123024, 230.060789), ('car', 238.136121, 244.574228), ('car', 244.574228, 256.822636), ('large vehicle', 255.197722, 269.391102), ('large vehicle', 269.612681, 276.900176), ('large vehicle', 276.247748, 289.936421), ('car', 285.184777, 298.417981), ('people speaking', 293.793001, 298.922689), ('people speaking', 299.882866, 300.953832)]"
./data/tut/TUT-sound-events-2017-development/TUT-sound-events-2017-development.audio.1/TUT-sound-events-2017-development/audio/street/a129.wav,"[('car', 9.289038, 10.607609), ('people walking', 13.323472, 14.927405), ('car', 14.927405, 17.87943), ('people walking', 18.213993, 20.398491), ('people walking', 21.067617, 24.088522), ('car', 24.491966, 27.266869), ('people walking', 24.885569, 25.475974), ('people walking', 27.44399, 28.132796), ('people walking', 28.447679, 32.14755), ('car', 28.59528, 31.084821), ('people speaking', 30.228734, 32.413232), ('people walking', 34.066366, 35.6703), ('people speaking', 35.512858, 41.564509), ('people walking', 35.562059, 52.063877), ('people speaking', 44.11309, 47.330797), ('large vehicle', 44.437813, 55.084783), ('car', 55.694868, 62.828928), ('car', 61.431636, 62.051561), ('car', 62.710847, 68.693617), ('people walking', 63.635814, 64.609983), ('people speaking', 63.862136, 70.435311), ('people walking', 68.240973, 71.724362), ('car', 68.693617, 73.357816), ('car', 73.357816, 74.558306), ('car', 76.290161, 77.913774), ('car', 78.012175, 79.80307), ('brakes squeaking', 80.039232, 80.757558), ('car', 80.757558, 83.069978), ('car', 83.069978, 86.208964), ('car', 86.208964, 88.954347), ('brakes squeaking', 86.602567, 88.09826), ('brakes squeaking', 87.999859, 90.351639), ('car', 90.873163, 93.146222), ('large vehicle', 98.164664, 102.553341), ('car', 122.538549, 128.895242), ('car', 134.208887, 139.542212), ('car', 139.591412, 144.629534), ('people walking', 141.598789, 148.496687), ('car', 145.101858, 151.104309), ('car', 149.874299, 154.84354), ('people walking', 151.675034, 158.956695), ('car', 159.261737, 163.296171), ('car', 163.689775, 167.232204), ('car', 198.720469, 202.597461), ('car', 205.913569, 209.790562), ('large vehicle', 210.80409, 228.555599), ('people walking', 226.813905, 231.379703), ('children', 229.549448, 231.094341), ('people speaking', 231.852027, 233.583881), ('people walking', 236.043902, 240.57034)]"
./data/tut/TUT-sound-events-2017-development/TUT-sound-events-2017-development.audio.1/TUT-sound-events-2017-development/audio/street/a010.wav,"[('car', 0.138062, 5.332654), ('car', 128.544568, 134.481244), ('people walking', 181.431033, 193.149065), ('people walking', 194.909358, 198.516234)]"
./data/tut/TUT-sound-events-2017-development/TUT-sound-events-2017-development.audio.1/TUT-sound-events-2017-development/audio/street/b006.wav,"[('car', 0.0, 12.038328), ('people speaking', 3.888325, 4.252571), ('car', 10.198886, 22.993025), ('car', 21.572466, 33.993253), ('car', 44.583703, 66.001365), ('car', 61.457397, 69.024606), ('car', 68.469131, 71.510585), ('car', 70.95511, 88.010926), ('car', 86.390031, 93.520146), ('large vehicle', 94.212213, 117.004903), ('car', 113.007304, 129.999377), ('car', 116.249093, 116.759037), ('car', 122.896581, 135.007759), ('car', 133.341333, 137.493737), ('car', 135.153457, 142.019493), ('car', 139.688319, 144.523684), ('car', 142.793516, 147.492288), ('car', 145.252176, 153.994078), ('car', 150.870669, 164.994306), ('car', 164.620954, 173.007717), ('car', 173.790845, 183.989732), ('people walking', 176.631964, 197.002418), ('car', 196.483368, 208.029964), ('car', 205.425606, 210.534155), ('car', 209.441417, 213.02924), ('car', 211.144267, 222.62712)]"
./data/tut/TUT-sound-events-2017-development/TUT-sound-events-2017-development.audio.1/TUT-sound-events-2017-development/audio/street/b003.wav,"[('people walking', 0.298388, 13.49486), ('car', 4.822343, 18.04769), ('car', 18.240199, 32.033447), ('people walking', 27.856008, 30.310494), ('large vehicle', 30.974649, 35.498604), ('people walking', 37.750955, 40.898473), ('people walking', 54.133445, 54.518463), ('people walking', 75.81955, 77.013104), ('car', 78.293287, 87.013931), ('people walking', 84.222555, 101.509836), ('car', 84.463191, 95.012667), ('car', 101.240323, 115.524469), ('large vehicle', 112.309573, 146.489492), ('car', 140.194458, 155.027253), ('car', 149.290494, 235.32263), ('car', 152.592018, 180.005256), ('car', 186.560178, 201.999375), ('car', 202.413269, 216.524156), ('car', 217.111308, 229.489617), ('people walking', 221.80852, 225.01379)]"
./data/tut/TUT-sound-events-2017-development/TUT-sound-events-2017-development.audio.1/TUT-sound-events-2017-development/audio/street/b098.wav,"[('car', 4.753563, 11.544367), ('brakes squeaking', 10.343674, 11.436107), ('brakes squeaking', 14.280372, 15.205496), ('car', 15.746792, 22.50807), ('brakes squeaking', 24.240217, 25.135816), ('brakes squeaking', 25.480277, 26.90733), ('car', 26.434926, 29.072514), ('car', 30.046847, 35.499173), ('brakes squeaking', 32.930478, 33.580033), ('car', 34.081962, 40.046059), ('car', 37.979293, 47.515944), ('car', 48.942997, 54.729942), ('car', 53.106055, 56.196362), ('car', 56.12747, 60.536572), ('car', 60.408629, 73.517833), ('brakes squeaking', 71.165656, 72.356507), ('brakes squeaking', 73.517833, 74.561058), ('car', 74.905519, 82.513188), ('car', 87.060074, 121.486497), ('car', 107.481694, 117.067554), ('people walking', 114.557909, 122.588772), ('people speaking', 117.697425, 118.425714), ('brakes squeaking', 119.567357, 120.029919), ('car', 121.112511, 132.056531), ('brakes squeaking', 125.433037, 127.342335), ('brakes squeaking', 128.907172, 129.389418), ('car', 131.052673, 133.985513), ('car', 133.818203, 140.500748), ('car', 142.154161, 149.535469), ('people walking', 147.911581, 148.600504), ('car', 149.535469, 155.489725), ('people walking', 152.852137, 156.513266), ('car', 154.84017, 164.54413), ('car', 162.260845, 167.565546), ('brakes squeaking', 166.315644, 166.79789), ('car', 167.221085, 173.982363), ('people walking', 193.774112, 204.324462), ('car', 198.38989, 205.525155), ('car', 204.08826, 209.058341), ('car', 206.578222, 214.057948), ('people walking', 213.231241, 216.282182), ('car', 215.347216, 221.045587), ('car', 218.860719, 224.470514), ('car', 222.738367, 226.045193), ('car', 225.159436, 232.993465)]"
./data/tut/TUT-sound-events-2017-development/TUT-sound-events-2017-development.audio.1/TUT-sound-events-2017-development/audio/street/a008.wav,"[('people speaking', 0.184586, 0.469855), ('people walking', 61.735534, 64.957394), ('people speaking', 63.044415, 63.514269), ('people speaking', 86.201532, 109.325089), ('car', 148.70897, 152.182538), ('car', 159.599528, 163.22412), ('people walking', 187.975388, 189.401732)]"
./data/tut/TUT-sound-events-2017-development/TUT-sound-events-2017-development.audio.1/TUT-sound-events-2017-development/audio/street/a127.wav,"[('people walking', 0.0, 65.024478), ('people speaking', 0.295063, 51.291761), ('car', 7.364277, 20.150335), ('large vehicle', 59.23387, 68.688176), ('people speaking', 67.421864, 68.061167), ('people speaking', 77.331059, 78.265424), ('people walking', 78.830962, 90.363002), ('car', 84.916633, 92.182556), ('people walking', 91.358839, 113.045959), ('large vehicle', 92.502207, 100.038605), ('brakes squeaking', 98.73541, 100.960676), ('large vehicle', 99.891073, 185.434715), ('people speaking', 99.891073, 103.554771), ('large vehicle', 108.460191, 121.541311), ('people speaking', 115.492522, 116.267062), ('people walking', 115.553994, 137.31488), ('people speaking', 118.627565, 121.369191), ('large vehicle', 121.897845, 126.250022), ('brakes squeaking', 125.635308, 130.77432), ('brakes squeaking', 131.450505, 133.208588), ('brakes squeaking', 134.21672, 136.11004), ('large vehicle', 136.675577, 143.609554), ('people walking', 143.400551, 166.821166), ('car', 152.80568, 163.292706), ('brakes squeaking', 163.636946, 165.272086), ('people walking', 166.907226, 175.722229), ('people speaking', 173.792026, 174.578861), ('people walking', 178.513032, 180.590766), ('children', 179.545752, 183.049624), ('large vehicle', 182.779149, 192.454752), ('people walking', 191.803155, 207.109541), ('large vehicle', 200.126387, 213.883693), ('people speaking', 200.446038, 201.773821), ('large vehicle', 213.883693, 248.393753), ('people walking', 215.678658, 300.570703), ('people speaking', 222.956876, 227.35823), ('large vehicle', 224.997727, 240.156582), ('brakes squeaking', 227.653293, 227.997533), ('large vehicle', 248.393753, 265.691814), ('brakes squeaking', 259.040605, 259.716791), ('people speaking', 261.118339, 263.122308), ('large vehicle', 267.056479, 268.310497), ('brakes squeaking', 270.990651, 271.851251), ('brakes squeaking', 274.568288, 275.551831), ('brakes squeaking', 281.51456, 282.03092), ('large vehicle', 284.600425, 299.033917), ('car', 297.558603, 300.570703)]"
./data/tut/TUT-sound-events-2017-development/TUT-sound-events-2017-development.audio.1/TUT-sound-events-2017-development/audio/street/b100.wav,"[('people speaking', 0.0, 1.519946), ('people speaking', 5.642337, 10.817569), ('car', 8.511699, 21.67221), ('people speaking', 13.212412, 20.463668), ('large vehicle', 19.944662, 33.527792), ('brakes squeaking', 21.049403, 33.527792), ('large vehicle', 30.391512, 43.010774), ('people walking', 36.234038, 41.535314), ('people speaking', 40.467644, 42.069149), ('people walking', 44.723494, 49.513179), ('people speaking', 45.531661, 49.787511), ('car', 46.873662, 48.527067), ('car', 48.816228, 64.008277), ('people walking', 59.270493, 62.013811), ('people speaking', 59.715355, 79.000138), ('car', 66.45502, 76.01956), ('people walking', 68.582945, 71.533865), ('people walking', 74.922233, 88.535021), ('car', 79.000138, 97.017063), ('people speaking', 81.847257, 84.946464), ('people speaking', 99.715894, 113.499212), ('people walking', 102.318339, 111.007983), ('large vehicle', 107.063537, 132.005486), ('large vehicle', 119.630898, 125.028561), ('people speaking', 121.039629, 131.493894), ('people walking', 124.761644, 180.413923), ('children', 133.784935, 136.009247), ('people speaking', 135.74233, 137.729381), ('people speaking', 140.865661, 150.037239), ('large vehicle', 143.71278, 168.017093), ('people speaking', 151.20871, 163.50174), ('brakes squeaking', 153.129033, 153.677696), ('car', 164.517509, 172.006025), ('people speaking', 171.783594, 180.413923)]"
./data/tut/TUT-sound-events-2017-development/TUT-sound-events-2017-development.audio.1/TUT-sound-events-2017-development/audio/street/a013.wav,"[('people walking', 5.75604, 8.771984), ('people walking', 107.764837, 109.14408)]"
./data/tut/TUT-sound-events-2017-development/TUT-sound-events-2017-development.audio.1/TUT-sound-events-2017-development/audio/street/b095.wav,"[('car', 0.0, 2.462242), ('car', 1.720603, 4.528943), ('car', 4.044405, 6.08144), ('car', 5.755119, 8.039367), ('car', 8.504128, 12.024441), ('car', 11.50035, 14.031811), ('car', 14.971221, 18.046551), ('people walking', 20.251691, 22.713932), ('car', 24.909184, 29.517235), ('car', 35.608564, 41.037362), ('large vehicle', 40.463827, 51.529082), ('car', 50.856663, 55.059284), ('car', 55.059284, 60.517748), ('car', 59.30146, 66.015765), ('car', 66.45086, 69.911842), ('car', 70.435934, 78.059984), ('car', 82.104389, 96.027426), ('car', 98.835766, 102.979056), ('car', 101.584775, 112.472036), ('car', 113.154344, 120.560846), ('people speaking', 120.976164, 121.569475), ('people speaking', 123.537291, 132.021642), ('car', 126.246746, 130.676803), ('people walking', 127.116936, 135.37385), ('car', 132.990717, 140.070898), ('people walking', 136.11549, 144.382293), ('car', 139.695134, 149.010121), ('people walking', 148.149819, 154.508138), ('car', 153.351181, 159.027192), ('car', 158.334996, 164.060449), ('car', 163.279256, 167.293996), ('car', 167.501655, 169.993562), ('car', 168.955267, 173.82042), ('car', 173.207331, 176.312327), ('car', 175.976117, 178.517467), ('car', 178.448247, 182.522318), ('car', 181.90923, 185.034002), ('car', 185.439432, 188.030224), ('car', 187.446801, 190.522131), ('car', 190.007928, 194.002891), ('car', 193.923782, 198.55161), ('car', 198.55161, 214.027145), ('car', 218.536311, 224.4892), ('car', 223.935443, 226.793226), ('car', 226.021921, 229.067586), ('people walking', 228.642379, 230.877185), ('car', 233.537197, 241.754558)]"
./data/tut/TUT-sound-events-2017-development/TUT-sound-events-2017-development.audio.1/TUT-sound-events-2017-development/audio/street/b008.wav,"[('people walking', 4.197238, 4.493309), ('people walking', 14.585837, 16.344846), ('people walking', 26.724737, 27.430082), ('children', 28.475038, 33.011886), ('large vehicle', 33.908806, 48.729759), ('brakes squeaking', 47.44098, 52.509014), ('large vehicle', 48.729759, 60.729331), ('large vehicle', 52.212944, 52.596094), ('large vehicle', 60.729331, 81.994176), ('people walking', 87.140582, 89.030209), ('people walking', 103.807622, 108.0484), ('people walking', 110.425674, 111.279054), ('children', 113.011938, 115.023478), ('people walking', 118.654698, 152.833451), ('car', 119.804149, 149.001948), ('children', 154.522796, 155.515504), ('people speaking', 157.300636, 158.014689), ('children', 165.285838, 166.052139), ('children', 169.395996, 169.901058), ('children', 182.997834, 183.650931), ('car', 184.948417, 187.012204), ('children', 190.460558, 192.080239), ('children', 193.14261, 210.802358), ('children', 198.942113, 201.510962), ('people speaking', 203.653121, 204.410714)]"
./data/tut/TUT-sound-events-2017-development/TUT-sound-events-2017-development.audio.1/TUT-sound-events-2017-development/audio/street/a001.wav,"[('people walking', 1.589213, 2.38382), ('people walking', 3.500767, 4.156693), ('car', 4.156693, 14.00307), ('car', 8.508289, 11.844138), ('car', 14.381632, 20.000102), ('car', 21.304456, 30.030138), ('large vehicle', 24.842705, 28.152317), ('brakes squeaking', 28.152317, 29.252398), ('large vehicle', 29.252398, 58.740928), ('car', 35.862251, 43.373534), ('car', 43.373534, 49.445529), ('large vehicle', 58.740928, 69.370667), ('car', 70.465126, 73.744753), ('car', 72.339198, 77.20429), ('people walking', 76.627076, 77.721534), ('people speaking', 84.040907, 94.610676), ('people walking', 89.153377, 100.03799), ('people speaking', 102.976535, 106.844621), ('people walking', 112.446534, 115.485629), ('car', 116.897146, 133.958702), ('people walking', 118.345954, 119.895297), ('car', 137.077158, 143.928767), ('car', 143.928767, 153.014271), ('car', 159.386117, 168.006851), ('car', 168.006851, 176.042874)]"
./data/tut/TUT-sound-events-2017-development/TUT-sound-events-2017-development.audio.1/TUT-sound-events-2017-development/audio/street/a012.wav,"[('children', 0.0, 202.528774), ('children', 4.096064, 5.100089), ('children', 6.859353, 7.525741), ('people speaking', 21.884179, 22.990383), ('children', 23.097005, 27.130873), ('people speaking', 26.579992, 31.604557), ('children', 31.862227, 34.727695), ('people speaking', 39.139183, 57.527046), ('children', 41.156117, 43.537343), ('children', 44.199288, 45.780849), ('children', 48.721841, 50.378926), ('children', 52.924527, 55.443474), ('people speaking', 57.527046, 195.202787), ('children', 63.937698, 65.33267), ('children', 66.247843, 68.30476), ('children', 89.473683, 91.17075), ('children', 92.210315, 93.152144), ('children', 93.47201, 100.286937), ('children', 120.660636, 121.638005), ('children', 134.166098, 134.699208), ('children', 164.580042, 166.499239), ('children', 191.537654, 192.186271), ('large vehicle', 195.202787, 208.62384), ('children', 206.518054, 212.888722), ('people speaking', 212.408923, 213.732814)]"
./data/tut/TUT-sound-events-2017-development/TUT-sound-events-2017-development.audio.1/TUT-sound-events-2017-development/audio/street/b099.wav,"[('car', 0.186989, 2.558792), ('car', 2.421011, 4.536935), ('car', 4.271214, 10.530413), ('car', 11.475197, 13.51239), ('car', 13.837159, 22.064659), ('brakes squeaking', 15.500374, 18.187105), ('car', 18.531558, 22.00561), ('car', 27.48733, 38.047267), ('car', 38.214573, 46.009047), ('car', 46.156669, 50.034223), ('car', 59.344289, 66.695895), ('car', 66.961616, 69.559773), ('car', 76.537402, 99.044929), ('large vehicle', 108.138482, 137.495698), ('car', 143.105357, 149.029945), ('car', 153.448782, 162.51281), ('brakes squeaking', 157.247603, 162.798213), ('car', 162.650591, 168.073261), ('car', 167.394197, 171.025714), ('car', 173.249894, 176.054724), ('car', 176.310603, 182.048202), ('car', 180.001168, 185.994646), ('car', 186.959114, 223.10697), ('car', 220.075786, 228.539482), ('car', 224.691453, 224.691453), ('car', 225.675604, 232.033217), ('car', 232.623708, 240.60517)]"
./data/tut/TUT-sound-events-2017-development/TUT-sound-events-2017-development.audio.1/TUT-sound-events-2017-development/audio/street/b005.wav,"[('people speaking', 13.301361, 14.206216), ('car', 21.650701, 34.993192), ('car', 35.272874, 47.990193), ('people walking', 44.971269, 54.990476), ('children', 54.159655, 55.113865), ('children', 60.246858, 62.031889), ('car', 63.923858, 95.017949), ('people walking', 86.800225, 94.022609), ('people walking', 95.453925, 127.090929), ('children', 103.778586, 104.864411), ('car', 104.864411, 120.9955), ('children', 123.241184, 124.014423), ('children', 126.325915, 130.052271), ('car', 138.459192, 165.045462), ('children', 145.878998, 147.993068), ('children', 155.626749, 157.83953), ('people speaking', 158.629221, 160.060536), ('children', 179.662975, 180.707671), ('children', 183.043841, 185.54453), ('children', 188.982977, 189.863153), ('people speaking', 191.557699, 192.536587), ('people speaking', 194.181777, 195.259377)]"
./data/tut/TUT-sound-events-2017-development/TUT-sound-events-2017-development.audio.1/TUT-sound-events-2017-development/audio/street/b091.wav,"[('car', 0.0, 5.532196), ('car', 17.477385, 27.472945), ('car', 27.472945, 30.808097), ('car', 32.896278, 38.55713), ('car', 38.55713, 46.395232), ('car', 48.503207, 51.511771), ('car', 52.263912, 54.569819), ('car', 55.856376, 59.013389), ('car', 59.013389, 61.71516), ('car', 61.71516, 63.654892), ('car', 63.654892, 66.237903), ('car', 66.831699, 69.117812), ('car', 70.622094, 77.005397), ('car', 78.074229, 81.686486), ('car', 82.636559, 86.100367), ('car', 87.02075, 90.286626), ('car', 90.989284, 92.562843), ('car', 92.562843, 95.15575), ('car', 95.413062, 106.665489), ('car', 107.932253, 112.811274), ('car', 120.975964, 125.092947), ('car', 128.170787, 130.872558), ('car', 130.872558, 140.996773), ('car', 140.996773, 144.9851), ('car', 145.954967, 150.07195), ('car', 151.239748, 155.020247), ('car', 155.020247, 160.027923), ('car', 161.215514, 164.085527), ('car', 165.9065, 173.60605), ('car', 201.257133, 235.469658), ('car', 238.092256, 241.951927)]"
./data/tut/TUT-sound-events-2017-development/TUT-sound-events-2017-development.audio.2/TUT-sound-events-2017-development/audio/street/b093.wav,"[('people walking', 3.794935, 110.64771), ('children', 11.619621, 12.386133), ('people speaking', 14.415647, 16.000932), ('people speaking', 16.375478, 17.986895), ('children', 21.427487, 27.873154), ('people speaking', 22.821145, 23.300214), ('people speaking', 25.347149, 34.07493), ('car', 32.890321, 40.024107), ('car', 38.674001, 50.520091), ('people speaking', 50.041021, 52.044404), ('car', 51.034002, 57.523221), ('people speaking', 60.719923, 64.047281), ('car', 63.202376, 65.379966), ('people speaking', 65.423518, 84.838912), ('car', 66.372947, 67.792736), ('car', 79.072653, 89.14183), ('car', 92.948257, 95.709442), ('people speaking', 95.552655, 96.815657), ('car', 97.799928, 109.698281), ('people speaking', 101.963481, 102.477392), ('people speaking', 106.379633, 107.006779), ('people speaking', 109.288894, 112.468175), ('car', 110.011854, 121.587923), ('people walking', 118.844159, 210.860408), ('car', 120.838832, 128.53008), ('car', 126.84027, 134.57507), ('people speaking', 127.101581, 135.341582), ('car', 134.57507, 158.014651), ('brakes squeaking', 136.369405, 137.4582), ('people speaking', 136.761371, 148.320019), ('car', 142.928306, 149.600442), ('people speaking', 151.551563, 152.69262), ('car', 157.962389, 165.00907), ('people speaking', 159.713171, 161.315877), ('car', 165.00907, 176.045097), ('people speaking', 170.757908, 172.918078), ('people speaking', 173.797824, 174.459811), ('car', 176.445774, 188.030553), ('people speaking', 185.957487, 189.241293), ('people speaking', 191.375332, 192.79512), ('car', 193.805522, 204.815418), ('car', 205.712585, 210.860408), ('people speaking', 206.000027, 210.860408)]"
./data/tut/TUT-sound-events-2017-development/TUT-sound-events-2017-development.audio.1/TUT-sound-events-2017-development/audio/street/b094.wav,"[('car', 1.505533, 3.493229), ('car', 7.350542, 8.816714), ('children', 10.174645, 10.784731), ('people speaking', 12.152502, 13.195551), ('car', 12.555945, 16.580539), ('people walking', 15.232448, 20.004888), ('people speaking', 16.816701, 17.702309), ('children', 18.322234, 19.306242), ('people speaking', 21.42186, 22.691231), ('people walking', 22.150026, 29.520248), ('people speaking', 25.426774, 29.520248), ('car', 32.501793, 40.560821), ('car', 40.255778, 42.509157), ('car', 42.322195, 44.546054), ('car', 44.181971, 46.986395), ('people walking', 47.63584, 52.546041), ('large vehicle', 48.600168, 54.317256), ('people walking', 53.047885, 57.534963), ('people speaking', 53.756371, 58.145048), ('car', 57.702245, 60.585389), ('car', 62.848608, 72.541089), ('people speaking', 72.747731, 75.601355), ('people walking', 76.732964, 87.084731), ('car', 80.688678, 87.025691), ('large vehicle', 87.084731, 107.030579), ('large vehicle', 108.644352, 122.499189), ('brakes squeaking', 116.782101, 120.541012), ('car', 120.698454, 128.009635), ('people speaking', 127.537311, 128.885402), ('people walking', 129.997332, 136.019462), ('car', 136.019462, 141.008384), ('car', 140.703342, 144.540974), ('large vehicle', 146.676272, 153.013285), ('large vehicle', 152.688562, 163.040329), ('brakes squeaking', 164.132578, 164.654103), ('car', 164.545862, 171.069837), ('car', 173.047693, 177.013246), ('car', 181.697126, 187.286293), ('people speaking', 183.330579, 184.57043), ('car', 187.591335, 192.531057), ('car', 194.184191, 200.540884), ('car', 200.649125, 206.02181), ('people speaking', 206.02181, 209.249357), ('children', 206.503974, 207.537183), ('people walking', 206.592535, 210.036564), ('people speaking', 209.859442, 219.050079), ('people walking', 212.781947, 224.550686), ('people speaking', 222.435068, 223.546997), ('car', 224.944289, 232.019308), ('car', 232.471952, 240.57034)]"
